Source,Target
Perez,Varela
Pizarro,Soto
Pizarro,Mackay
Rodriguez,Del-Rio
Sandoval,Plaza
Velasquez,Seguel
Browne,Urrejola
Cornejo,Gonzalez
Hasbun,Selume
Molina,Oliva
Saffirio,Espinoza
Vilches,Guzman
Teillier,Del-Valle
Araya,Guerrero
Accorsi,Opazo
Aguilo,Melo
Allende,Bussi
Alvarado,Andrade
Alvarez,Zenteno
Alvarez-Salamanca,Buchi
Perez,San-Martin
Ascencio,Mansilla
Barros,Montero
Bauer,Jouanne
Becker,Alvear
Bertolino,Rendic
Burgos,Varela
Bustos,Ramirez
Cardemil,Herrera
Ceroni,Fuentes
Correa,De-la-Cerda
Cristi,Marfil
Cubillos,Sigall
Delmastro,Naso
Diaz,Del-Rio
Dittborn,Cordua
Egana,Respaldiza
Encina,Moriamez
Errazuriz,Eguiguren
Espinoza,Sandoval
Forni,Lobos
Galilea,Carrillo
Garcia,Garcia
Garcia-Huidobro,Sanfuentes
Gonzalez,Torres
Hales,Dib
Hernandez,Hernandez
Jaramillo,Becker
Jarpa,Wevar
Kast,Rist
Leal,Labrin
Lorenzini,Basso
Martinez,Labbe
Masferrer,Pellizzari
Melero,Abaroa
Meza,Moncada
Monckeberg,Diaz
Montes,Cisternas
Moreira,Barros
Mulet,Martinez
Munoz,D'Albora
Norambuena,Farias
Ojeda,Uribe
Olivares,Zepeda
Ortiz,Novoa
Palma,Flores
Paredes,Fierro
Paya,Mira
Perez,Arriagada
Quintana,Leal
Recondo,Lavanderos
Robles,Pantoja
Rojas,Molina
Rossi,Ciocca
Saa,Diaz
Saffirio,Suarez
Salaberry,Soto
Sepulveda,Orbenes
Soto,Gonzalez
Tarud,Daccarett
Toha,Morales
Tuma,Zedan
Ulloa,Aguillon
Uriarte,Herrera
Urrutia,Bonilla
Valenzuela,Van-Treek
Vargas,Lyng
Venegas,Rubio
Vidal,Lazaro
Von-Muhlenbrock,Zamora
Walker,Prieto
Aedo,Ormeno
Alinco,Bustos
Arenas,H̦dar
Bobadilla,Munoz
Chahuan,Chahuan
De-Urresti,Longton
Diaz,Diaz
Duarte,Leiva
Eluchans,Urenda
Enriquez-Ominami,Gumucio
Escobar,Rufatt
Espinosa,Monardes
Estay,Penaloza
Farias,Ponce
Fuentealba,Vildosola
Girardi,Briere
Godoy,Ibanez
Goic,Boroevic
Herrera,Silva
Insunza,Gregorio-de-las-Heras
Isasi,Barbieri
Jimenez,Fuentes
Latorre,Carmona
Leon,Ramirez
Lobos,Krause
Monckeberg,Bruner
Monsalve,Benavides
Nogueira,Fernandez
Nunez,Lozano
Pacheco,Rivas
Pascal,Allende
Rubilar,Barahona
Sabag,Villalobos
Sepulveda,Hermosilla
Silber,Romo
Sule,Fernandez
Sunico,Galdames
Turres,Figueroa
Valcarce,Becerra
Vallespin,Lopez
Venegas,Cardenas
Verdugo,Soto
Ward,Edwards
Schilling,Rodriguez
Harboe,Bascunan
Alvarez-Salamanca,Ramirez
Andrade,Lara
Auth,Stewart
Baltolu,Rasera
Calderon,Bassi
Campos,Jara
Carmona,Soto
Castro,Gonzalez
Cerda,Garcia
Chahin,Valenzuela
Edwards,Silva
Girardi,Lavin
Gutierrez,Galvez
Gutierrez,Pino
Hoffmann,Opazo
Lemus,Aracena
Macaya,Danus
Marinovic,Solo-de-Zaldivar
Morales,Munoz
Perez,Lahsen
Rincon,Gonzalez
Rivas,Sanchez
Sabat,Fernandez
Santana,Tirachini
Sauerbaum,Munoz
Silva,Mendez
Squella,Ovalle
Torres,Jeldes
Tuma,Zedan
Van-Rysselberghe,Herrera
Vargas,Pizarro
Walker,Prieto
Zalaquett,Said
Acuna,Cisternas
Alessandri,Valdes
Avila,Contreras
Caminondo,Saez
Coloma,Correa
Elgueta,Barrientos
Espina,Otero
Garcia,Ruminot
Krauss,Rusque
Mesias,Lehu
Pareto,Gonzalez
Prochelle,Aguilar
Prokuri̤a,Prokuri̤a
Reyes,Alvarado
Sciaraffia,Estrada
Urrutia,Cardenas
Van-Rysselberghe,Varela
Walker,Prieto
Arratia,Valdebenito
Bustos,Huerta
Fossa,Rojas
Gutierrez,Roman
Huenchumilla,Jaramillo
Jocelyn-Holt,Letelier
Martinez,Ocamica
Naranjo,Ortiz
Palma,Irarrazaval
Pollarolo,Villa
Valenzuela,Herrera
Vega,Vera
Palma,Irarrazaval
Rocha,Manrique
Velasco,De-la-Cerda
Nunez,Valenzuela
Rozas,Velasquez
Hernandez,Saffirio
Monge,Sanchez
Hurtado,Ruiz-Tagle
Jara,Wolff
Salas,De-La-Fuente
Matthei,Fornet
Munizaga,Rodriguez
Arancibia,Calderon
Aylwin,Azocar
Bombal,Otaegui
Cantero,Ojeda
Dupre,Silva
Elizalde,Hevia
Estevez,Valencia
Fantuzzi,Hernandez
Gajardo,Chacon
Ribera,Neumann
Rodriguez,Cataldo
Sabag,Castillo
Schaulsohn,Brodsky
Sota,Barros
Taladriz,Garcia
Toha,Gonzalez
Urrutia,Avila
Valcarce,Medina
Viera-Gallo,Quesney
Allamand,Zavala
Aylwin,Oyarzun
Balbontin,Arteaga
De-la-Maza,Maillet
Ferrada,Valenzuela
Jurgensen,Caesar
Makluf,Campos
Solis,Cabezas
Villegas,Gonzalez
W̦rner,Tapia
Zambrano,Opazo
Alamos,Vasquez
Alessandri,Balmaceda
Bosselin,Correa
Campos,Quiroga
Cardemil,Alfaro
Carrasco,Munoz
Devaud,Ojeda
Faulbaum,Mayorga
Guzman,Alvarez
Horvath,Kiss
Huepe,Garcia
Jara,Catalan
Kuzmicic,Calderon
Maluenda,Campos
Martinez,Sepulveda
Matta,Aragay
Mekis,Martinez
Molina,Valdivieso
Morales,Adriasola
Munoz,Barra
Navarrete,Carvacho
Olivares,Solis
Ortega,Riquelme
Palestro,Rojas
Pena,Meza
Perez,Munoz
Ramirez,Vergara
Ringeling,Hunger
Rodriguez,Guerrero
Rodriguez,Riccomini
Rojo,Avendano
Rojos,Astorga
Soto,Morales
Sotomayor,Mardones
Yunge,Bustamante
Manterola,
Bayo,Veloso
Caraball,Martinez
Escalona,Medina
Escobar,Urbina
Galilea,Vidaurre
Gonzalez,Roman
Hidalgo,Gonzalez
Ibanez,Santa-Maria
Jeame,Barrueto
Jimenez,Villavicencio
Kuschel,Silva
Lagos,Herrera
Letelier,Morel
Letelier,Norambuena
Longueira,Montes
Luksic,Sandoval
Molina,Sanhueza
Mora,Longa
Navarro,Brain
Pareto,Vergara
Perez,Opazo
Prieto,Lorca
Rebolledo,Gonzalez
Sanchez,Grunert
Seguel,Molina
Silva,Ortiz
Varela,Herrera
Villouta,Concha
Longton,Guerrero
Munoz,Aburto
Perez,Lobos
Cornejo,Vidaurrazaga
Girardi,Lavin
Riveros,Marin
Guzman,Mena
Leay,Moran
Ibanez,Soto
Mella,Gajardo
Tapia,Martinez
Concha,Urbina
Vilicic,Karnincic
Orpis,Bouchon
Chadwick,Pinera
Morales,Morales
Leblanc,Valenzuela
Smok,Ubeda
Jofre,Nunez
Ovalle,Ovalle
Soria,Macchiavello
Bartolucci,Johnston
Hamuy,Berr
Gonzalez,Rodriguez
Karelovic,Vrandecic
Rebolledo,Leyton
Araya,de-la-Cruz
Letelier,Aguilar
Rosales,Guzman
Kort,Garriga
Trisotti,Martinez
Lavin,Leon
Vallejo,Dowling
Carvajal,Ambiado
Flores,Garcia
Morano,Cornejo
Hernando,Perez
Nunez,Urrutia
Provoste,Campillay
Gahona,Salazar
Nunez,Arancibia
Urizar,Munoz
Urrutia,Soto
Farcas,Guendelman
Cariola,Oliva
Fernandez,Allende
Jackson,Drago
Kast,Sommerhoff
Pilowsky,Greene
Arriagada,Macaya
Melo,Contreras
Bellolio,Avaria
Soto,Ferrada
Coloma,Alamos
Espejo,Yaksic
Chavez,Velasquez
Poblete,Zapata
Paulsen,Kehr
Berger,Fett
Fuenzalida,Figueroa
De-Mussy,Hiriart
Fuentes,Castillo
Boric,Font
Alvarado,Ramirez
Alarcon,Rojas
Alessandri,Vergara
Alvarez,Ramirez
Amar,Mancilla
Barrera,Moreno
Bianchi,Retamales
Calisto,Aguila
Carter,Fernandez
Castillo,Munoz
Castro,Bascunan
Celis,Araya
Celis,Montt
Cid,Versalovic
Cruz-Coke,Carvallo
Del-Real,Mihovilovic
Desbordes,Jimenez
Duran,Espinoza
Eguiguren,Correa
Flores,Oporto
Fuenzalida,Cobo
Galleguillos,Castillo
Garin,Gonzalez
Hertz,Cadiz
Hirsch,Goldschmidt
Ibanez,Cotroneo
Jiles,Moreno
Jurgensen,Rundshagen
Keitel,Bianchi
Leiva,Carvajal
Leuquen,Uribe
Longton,Herrera
Luck,Urban
Marzan,Pinto
Mellado,Pino
Mellado,Suazo
Mix,Jimenez
Molina,Magofke
Moreira,Barros
Munoz,Gonzalez
Noman,Garrido
Nuyado,Ancapichun
Olivera,De-La-Fuente
Ossandon,Irarrazabal
Pardo,Sainz
Parra,Sauterel
Perez,Olea
Perez,Salinas
Prieto,Lorca
Ramirez,Diez
Renteria,Moller
Rey,Martinez
Rojas,Valderrama
Romero,Saez
Rosas,Barrientos
Saavedra,Chandia
Sanhueza,Duenas
Santana,Castillo
Santibanez,Novoa
Rocafull,Lopez
Sepulveda,Soto
Alvarez,Vera
Brito,Hasbun
Cicardini,Milla
Crispi,Serrano
Duran,Salinas
Soto,Mardones
Toha,Gonzalez
Torrealba,Alvarado
Troncoso,Hellman
Undurraga,Gazitua
Urruticoechea,Rios
Velasquez,Nunez
Verdessi,Belemmi
Vidal,Rojas
Winter,Etcheberry
Yeomans,Araya
Gonzalez,Gatica
Ilabaca,Cerda
Kast,Sommerhoff
Labra,Sepulveda
Mirosevic,Verdugo
Orsini,Pascal
Rathgeb,Schifferli
Saldivar,Auger
Schalper,Sepulveda
Bernales,Maldonado
Cuevas,Contreras
Concha,Quezada
Castelblanco,Agüero
Contreras,Tapia
Aguirre,Doolan
Bascunan,Stonner
Wachholtz,Araya
Bossay,Leiva
Rios,Valdivia
Wachholtz,Araya
Pico,Canas
Correa,Fuenzalida
Correa,Labra
Contreras,Labarca
Juliet,Gomez
Claro,Salas
Sanhueza,Flores
Bossay,Leiva
Bascunan,Stonner
Molina,Garmendia
Vergara,Osses
Holger,Torres
Quintana,Burgos
Puga,Fisher
Vergara,Donoso
Salas,Morales
Pradenas,Munoz
Salas,Morales
Letelier,Icaza
Puga,Fisher
Opaso,Cousino
Steeger,Schaffer
Estay,Cortes
Alvarez,Brucher
Palma,Vicuna
Baltra,Cortes
Vidal,de-la-Fuente
Ruiz,Burgeois
Mallet,Simonetti
Rodriguez,Valenzuela
Alessandri,Rodriguez
Maschke,Tornero
Vial,Espantoso
Holger,Torres
Rossetti,Colombino
Puga,Fisher
Puga,Fisher
Merino,Segura
Merino,Segura
Ignacio,Riesco
Vergara,Donoso
Varas,Contreras
Aguirre,Geisse
Letelier,Icaza
Garcia,Oldini
Plaza,Monreal
Puga,Fisher
Claro,Velasco
Yrarrazaval,Lecaros
Alfonso,Barrios
Walker,Larrain
Moller,Bordeu
Quintana,Burgos
Agüero,Corbalan
Palma,Vicuna
Melfi,Cerda
Grove,Vallejos
Cobo,Gormaz
Infante,Larrain
Larrain,Tejada
Garnham,Barros
Leighton,Guzman
Dominguez,Dominguez
Cruz,Ocampo
Pico,Canas
Lorca,Garnham
Quintana,Burgos
Torres,Hevia
Parada,Berger
Olguin,de-Baltra
Labarca,Benitez
Bascunan,Stonner
Irarrazabal,Concha
Garcia,Oldini
Mardones,Restat
Rio,Gundian
Serani,Burgos
Atala,Gonzalez
Acevedo,Trillot
Conuepan,Huenchual
Hales,Jamarne
Torreblanca,White
Fenner,Marin
Wilson,Hernandez
Tarud,Siwady
Gomez,Millas
Fenner,Marin
Rossetti,Colombino
Herrera,Lane
Pedregal,Herrera
Latorre,Gonzalez
Gomez,Millas
Monti,Forno
Paredes,Martinez
Koch,Krefft
Tarud,Siwady
Almeyda,Medina
Martones,Quezada
Latorre,Gonzalez
Parra,Urzua
Olavarria,Bravo
Fenner,Marin
Coutts,Billiviller
Suarez,Orrego
Almeyda,Medina
Moreno,Garrido
Monti,Forno
Hales,Jamarne
Suarez,Herreros
Montero,Schmidt
Munoz,de-Closets
Wilson,Hernandez
Lira,Vergara
Pedregal,Herrera
Montane,Vives
Pedregal,Herrera
Koch,Krefft
Wilson,Hernandez
Araos,Salinas
Parra,Urzua
Wilson,Hernandez
Cuevas,Mackenna
Hales,Jamarne
Aldunate,Leon
Latorre,Gonzalez
Pedregal,Herrera
Barros,Ortiz
Suarez,Orrego
Vasallo,Rojas
Herrera,Palacios
Foncea,Aedo
Vasallo,Rojas
Lanchares,Bueno
Hepp,Dubiau
Infante,Rengifo
Sievers,Wicke
Suarez,Fanjul
Montero,Schmidt
Casas,Garcia
Sievers,Wicke
Silva,Guerra
Zuniga,Latorre
Tarud,Siwady
Barrios,Hudtwalcker
Barros,Ortiz
Olsen,Nielsen
Herrera,Palacios
Herrera,Palacios
Prat,Echaurren
Cuevas,Mackenna
Recabarren,Valenzuela
Perez,Lizana
Olavarria,Bravo
Recabarren,Valenzuela
Montero,Schmidt
Koch,Krefft
Koch,Krefft
Zuniga,Latorre
Fontecilla,Varas
Uribe,Herrera
Lira,Vergara
Videla,Vergara
Fernandez,Ferreira
Aldunate,Leon
Koch,Krefft
Altamirano,Pinto
Uribe,Herrera
Aravena,Carrasco
Cousino,Aragon
Yanez,Zavala
Sainte-Marie,Soruco
Leon,Bustos
Wilson,Hernandez
Fontecilla,Varas
Herrera,Palacios
Barros,Ortiz
Vidal,Merino
Herrera,Palacios
Wilson,Hernandez
Fontecilla,Varas
Schwerter,Gallardo
Olsen,Nielsen
Serrano,Palma
Barbosa,Baeza
Barrios,Ortiz
Araya,Lampe
Vidal,Merino
Aravena,Carrasco
Wilson,Hernandez
Jimenez,Pinochet
Astorga,Cartes
Mendez,Carrasco
Lazo,Guevara
Infante,Rengifo
Arce,Fernandez
Borquez,Jopia
Quintana,Oyarzun
Videla,Vergara
Aravena,Carrasco
O'Ryan,Orrego
Arce,Fernandez
Zuniga,Latorre
Sainte-Marie,Soruco
Torreblanca,Droguett
Marie,Sorucco
Arce,Fernandez
Munoz,Urrutia
Barrios,Ortiz
Astorga,Cartes
Valdes,Acuna
Pertuiset,Lira
Rodriguez,Lazo
Acevedo,Vega
Correa,Prieto
Barros,Ortiz
Urzua,Merino
O'Ryan,Orrego
Urzua,Merino
Valdes,Acuna
Barrientos,Villalobos
Reyes,Ugarte
Zuniga,Latorre
Marie,Sorucco
Acevedo,Vega
Gonzalez,Gonzalez
Yanez,Zavala
Sepulveda,Contreras
Torreblanca,Droguett
Santander,Fernandez
Torreblanca,Droguett
Barrios,Ortiz
Vergara,Herrera
Figueroa,Geisse
Ortuzar,Escobar
Vergara,Herrera
Figueroa,Geisse
Gomien,Diaz
Gomien,Diaz
Gomien,Diaz
Saelzer,Balde
Philippi,Izquierdo
Vergara,Herrera
Cereceda,Cisternas
Vergara,Herrera
Philippi,Izquierdo
Vergara,Herrera
Perez,Zanartu
Vergara,Donoso
Ortuzar,Escobar
Rio,Gundian
Ortuzar,Escobar
Gomien,Diaz
Casanueva,Ramirez
Bahamonde,Ruiz
Philippi,Izquierdo
Moore,Montero
Serrano,de-Viale-Rigo
Figueroa,Geisse
Serrano,de-Viale-Rigo
Vergara,Donoso
Ortuzar,Escobar
Rio,Gundian
Chana,Cariola
Sandoval,Vargas
Alfonso,Barrios
Pinto,Lagarrigue
Philippi,Izquierdo
Varas,Alfonso
Philippi,Izquierdo
Pena,Cereceda
Escobar,Cerda
Philippi,Izquierdo
Barros,Alemparte
Prieto,Concha
Martinez,Sotomayor
Ortuzar,Escobar
Cid,Quiroz
Rio,Gundian
Galvez,Gajardo
Barboza,Popolizio
Barbosa,Popolizio
Varas,Alfonso
Pereira,Irarrazaval
Garreton,Silva
Mackenna,Shiell
Rio,Gundian
Ortuzar,Escobar
Palacios,Rossini
Pinto,Lagarrigue
Philippi,Izquierdo
Rojas,Villegas
Schweitzer,Speisky
Trivelli,Franzolini
Collados,Nunez
Simian,Gallet
Collados,Nunez
Castillo,Velasco
Perez,Zujovic
Ossa,Pretot
Trivelli,Franzolini
Zaldivar,Larrain
de-Dios-Carmona,Peralta
Gomez,Millas
Thayer,Arteaga
Molina,Silva
Saez,Saez
Leighton,Guzman
Rodriguez,Gonzalez
Thayer,Arteaga
Thayer,Arteaga
Hamilton,Depassier
Krauss,Rusque
Perez,Zujovic
Castillo,Velasco
Lagos,Matus
Pacheco,Gomez
Ossa,Pretot
Gonzalez,Maertens
Aguirre,Tupper
Figueroa,Serrano
Pacheco,Gomez
Zaldivar,Larrain
Rojas,Saavedra
Hales,Jamarne
Celedon,Silva
Valdes,Subercaseaux
Valdivieso,Delaunay
Leon,Villarreal
Donoso,Larrain
Jimenez,Pinochet
Cortes,Diaz
Vuskovic,Bravo
Matus,Romo
Astorga,Gutierrez
Rios,Valdivia
Palma,Fourcade
Zorrilla,Rojas
Millas,Correa
Toha,Gonzalez
Rios,Valdivia
Canto,Riquelme
Suarez,Bastidas
Cruz,Ponce
Sanhueza,Cruz
Tapia,Valdes
Cantuarias,Zepeda
Jungk,Stahl
Palacios,Cameron
Mac,Niven
David,Lebon
Barraza,Barraza
Concha,Gutierrez
Suarez,Bastidas
Oyarce,Jara
Baltra,Moreno
Benitez,Castillo
Cantuarias,Zepeda
Hidalgo,Ramirez
Toha,Gonzalez
Martones,Morales
Sepulveda,Galindo
Martner,Garcia
Flores,Labra
Gonzalez,Acevedo
Millas,Correa
Cademartori,Invernizzi
Tapia,Valdes
Enriquez,Frodden
Navarro,Tobar
Flores,Labra
Montero,Cornejo
Arellano,Macleod
Prats,Gonzalez
Espinoza,Carrillo
Briones,Olivos
del,Solar
Briones,Olivos
Insunza,Barrios
Sepulveda,Donoso
Bitar,Chacra
Ramirez,Ceballos
Gonzalez,Acevedo
Huerta,Diaz
Magliochetti,Barahona
Arellano,Macleod
Martones,Morales
Ruiz,Danyau
Almeyda,Medina
del,Solar
Almeyda,Medina
Jiron,Vargas
Lagos,Hernandez
Canto,Riquelme
Palma,Fourcade
Flores,Labra
Figueroa,Mazuela
Godoy,Godoy
Matte,Valdes
Palma,Fourcade
Ramirez,Ceballos
Crespo,Montero
Barba,Valdes
Gotuzzo,Borlando
Bonilla,Bradanovic
Prieto,Gandara
Yovane,Zuniga
Huerta,Diaz
Spoerer,Covarrubias
Ewing,Hodar
Mackay,Jaraquemada
Vivero,Avila
Leniz,Cerda
Castro,Jimenez
Musante,Romero
Toro,Davila
Figueroa,Gutierrez
Troncoso,Daroch
Vallejos,Reginato
Mackay,Jaraquemada
de-Castro,Spikula
Troncoso,Daroch
Cauas,Lama
Diaz,Estrada
Schweitzer,Speisky
Damilano,Bonfante
Bejares,Gonzalez
Vargas,Miquel
Granifo,Harms
Baraona,Urzua
Niemann,Nunez
Benavides,Escobar
Valenzuela,Blanquier
Carvajal,Prado
Matthei,Aubel
Fernandez,Fernandez
Costa,Ramirez
Ruiz,Undurraga
Recabarren,Hidalgo
Kelly,Vasquez
Vial,Correa
Leon,Puelma
Jimenez,Vargas
Vidal,Basauri
Fernandez,Atienza
Covarrubias,Sanhueza
Escauriaza,Alvarado
Luis,Federici
Marquez,de-la-Plata
Peri,Fagerstrom
Peri,Fagerstrom
Kast,Rist
Federici,Rojas
Quinones,Lopez
Cubillos,Sallato
Medina,Lois
Badiola,Broberg
Vidal,Basauri
Pinera,Echenique
Pinera,Echenique
Toro,Hevia
Prieto,Bafalluy
Cruz,Johnson
de-Castro,Spikula
de-la-Cuadra,Fabres
Fernandez,Fernandez
Errazuriz,Correa
Rojas,Torres
Bravo,Valdes
Kast,Rist
Estrada,Leigh
Perez,Hormazabal
Ramos,Munoz
Danus,Covian
Lüders,Schwarzenberg
Martin,Saez
Arriagada,Norambuena
Madariaga,Gutierrez
Lüders,Schwarzenberg
Montero,Marx
Madariaga,Gutierrez
Valle,Alliende
Rojas,Galdames
Schweitzer,Walters
Rivera,Calderon
Errazuriz,Correa
Suarez,Gonzalez
Silva,Bafalluy
Mardones,Gajardo
Guillard,Marinot
Büchi,Buc
Passicot,Callier
Caceres,Contreras
Marquez,de-la-Plata-Yrarrazaval
Galvez,Gajardo
Collados,Nunez
Simon,Figueroa
Valenzuela,Ramirez
Collados,Nunez
Aranguiz,Donoso
Escobar,Cerda
Jarpa,Reyes
Sinclair,Oyaneder
Chinchon,Bunting
Peri,Fagerstrom
Ramirez,Magliasi
Delano,Ortuzar
Gaete,Rojas
Garcia,Rodriguez
Valle,Alliende
Cuadra,Lizana
Escobar,Rodriguez
Prado,Aranguiz
Veloso,Bastias
Fernandez,Fernandez
Lira,Ovalle
Garcia,Rodriguez
Poblete,Iturrate
Valenzuela,Ramirez
Marquez,de-la-Plata-Yrarrazaval
Poduje,Sapiain
de-la,Sotta
Melnick,Israel
Concha,Martinez
Baraona,Urzua
Guzman,Molinari
Büchi,Buc
Seguel,Morel
Baraona,Urzua
Siebert,Held
Poduje,Sapiain
Vargas,Guzman
Arthur,Errazuriz
Dominguez,Covarrubias
Alvarez,Marin
Larrain,Arroyo
Molina,Silva
Larrondo,Jara
Salame,Martin
Costabal,Llona
Caceres,Contreras
Rosende,Subiabre
Lopez,Bain
Abad,Cid
Errazuriz,Correa
Giaconi,Gandolfo
Labbe,Galilea
Ballerino,Sandford
Infante,Barros
Silva,Echiburu
Montero,Saavedra
Ominami,Pascual
Lagos,Escobar
Hamilton,Depassier
Jimenez,de-la-Jara
Correa,Diaz
Marshall,Rivera
Figueroa,Yavar
Alvarado,Constenla
Molina,Silva
Toha,Gonzalez
Mac,Niven
Schiefelbein,Fuenzalida
Foxley,Rioseco
Krauss,Rusque
Correa,Diaz
Cumplido,Cereceda
Hales,Jamarne
Hurtado,Ruiz-Tagle
Silva,Cimma
Figueroa,Serrano
Montt,Momberg
Correa,Rios
Rebolledo,Gonzalez
Boeninger,Kausel
Cortazar,Sanz
Molina,Valdivieso
Etchegaray,Aubry
Ortega,Riquelme
Maira,Aguirre
Molina,Silva
Massad,Abud
Arriagada,Herrera
Irureta,Aburto
Teplizky,Lijavetzky
Hermosilla,Hermosilla
Pizarro,Hofer
Garcia,Hurtado
Figueroa,Serrano
Lagos,Escobar
Joaquin,Brunner
Villarzu,Rohde
Arrate,MacNiven
Mladinic,Alonso
Delpiano,Puelma
Heine,Lorenzen
Aninat,Ureta
Alvear,Valenzuela
Insulza,Salinas
Arrate,MacNiven
del,Rio
Sartori,Arellano
Galilea,Ocon
Orrego,Larrain
Quintana,Pena
Leiva,Lavalle
Arellano,Marin
Marfan,Lewis
Troncoso,Castillo
Gomez,Urrutia
Jimenez,Moraga
Toha,Gonzalez
Valdes,Soublette
Figueroa,Munoz
Mladinic,Alonso
Insulza,Salinas
Molina,Valdivieso
Hohmann,Barrientos
Henriquez,Diaz
Orrego,Larrain
Gregorio,Rebeco
Gregorio,Rebeco
Krauss,Valle
Rodriguez,Grossi
Cruz,Lorenzen
Bachelet,Jeria
Huepe,Garcia
Garcia,Hurtado
Cruz,Lorenzen
Perez,Diaz
Aylwin,Oyarzun
Gomez,Urrutia
Artaza,barrios
Munoz,Valenzuela
Fernandez,Baeza
Ravinet,de-la-Fuente
Palma,Irarrazaval
Alvear,Valenzuela
Huenchumilla,Jaramillo
Ravinet,de-la-Fuente
Provoste,Campillay
Bitar,Chacra
Insulza,Salinas
Etcheberry,Celhay
Vidal,Salinas
Solari,Saavedra
Etcheberry,Celhay
Campos,Quiroga
Tschorne,Berestesky
Provoste,Campillay
Rodriguez,Grossi
Antonijevic,Hahn
Hornkohl,Venegas
Zilic,Hrepic
Eyzaguirre,Guzman
Vidal,Salinas
Zaldivar,Larrain
Bates,Hidalgo
Dulanto,Rencoret
Estevez,Valencia
Walker,Prieto
Puccio,Huidobro
Dockendorff,Vallejos
Ljubetic,Godoy
Estevez,Valencia
Tschorne,Berestesky
Solis,Palma
Lagos,Weber
Veloso,Valenzuela
Espejo,Yaksic
Rojas,Marin
Hardy,Raskovan
Ferreiro,Yazigi
Provoste,Campillay
Velasco,Baraona
Poniachik,Pollak
Bitran,Colodro
Garcia,Aspillaga
Barria,Iroume
Andrade,Lara
Foxley,Rioseco
Vidal,Salinas
Toha,Morales
Hornkohl,Venegas
Schmidt,Crnosija
Weinstein,Levy
Quintana,Melendez
Lavados,Montes
Jimenez,de-la-Jara
Tokman,Ramos
Velasco,Branes
Perez,Yoma
Maldonado,Curti
Gonzalez,Larrain
Bitar,Chacra
Fernandez,Amunategui
Erazo,Latorre
Armanet,Armanet
Viera-Gallo,Quesney
Serrano,Madrid
Cortazar,Sanz
Poblete,Bennett
Galilea,Vidaurre
Kast,Sommerhoff
Lavin,Infante
Fontaine,Talavera
Lavin,Infante
Bulnes,Serrano
Raineri,Bernain
Golborne,Riveros
Echeverria,Vial
Bulnes,Serrano
Golborne,Riveros
de-Solminihac,Tampier
Baer,Jahn
Merino,Catalan
Morande,Lavin
Matte,Lecaros
Parot,Donoso
Alvarez,Zenteno
Campo,Fayet
Hinzpeter,Kirberg
Ribera,Neumann
Golborne,Riveros
Chadwick,Pinera
Lavin,Infante
Longueira,Montes
Beyer,Burgos
Matthei,Fornet
Mayol,Bouchon
Perez,Mackenna
Ruiz-Tagle,Correa
Baranda,Ferran
de-Vicente,Mingo
Schmidt,Zaldivar
Bunster,Betteley
Larrain,Bascunan
Chadwick,Pinera
Perez,Goldberg
Benitez,Pereira
de-Solminihac,Tampier
Silva,Rojas
Moreno,Charme
Manalich,Muxi
Perez,Jara
Larroulet,Vignau
Jobet,Eluchans
Errazuriz,Dominguez
Perez,Mackenna
Villegas,Acevedo
Eyzaguirre,Guzman
Penailillo,Briceno
Gomez,Urrutia
Molina,Milman
Elizalde,Soto
Rincon,Gonzalez
Blanco,Suarez
Osorio,Reyes
Riffo,Alonso
Pacheco,Matte
Arenas,de-Mesa
Burgos,Varela
Blanco,Suarez
Diaz,Diaz
Rincon,Gonzalez
Cespedes,Cifuentes
Valdes,Pulido
Badenier,Martinez
Eyzaguirre,Guzman
Gomez-Lobo,Echenique
Furche,Guajardo
Palma,Manriquez
Ottone,Ramirez
Perez,Lecaros
Rojas,Mullor
Squella,Serrano
Barraza,Gomez
Rodriguez,Grossi
Delpiano,Puelma
Varela,Alfonso
Rebolledo,Smitmans
Eyzaguirre,Guzman
Fernandez,Baeza
Campos,Quiroga
Mena,Carrasco
Cubillos,Sigall
Williams,Baussa
Pascual,Grau
Undurraga,Vicuna
Munoz,Valenzuela
Castillo,Taucher
Narvaez,Ojeda
de-la-Fuente,Acuna
Krauss,Valle
Tapia,Salas
Saball,Astaburuaga
Walker,Prieto
Ward,Edwards
Valdes,Chadwick
Espina,Otero
Kantor,Pupkin
Moreno,Charme
Valente,Vias
Cubillos,Sigall
Jimenez,Schuster
Larrain,Bascunan
Chadwick,Pinera
Larrain,Fernandez
Schmidt,Zaldivar
Prokurica,Prokurica
Pla,Jarufe
Fontaine,Talavera
Ampuero,Espinoza
Santelices,Cuevas
Perez,Jara
Mac,Iver
Monckeberg,Diaz
Hutt,Hesse
Monckeberg,Bruner
Couve,Correa
Bulnes,Sanfuentes
Merino,Segura
Hernandez,Jaque
Barrios,Tirado
Parra,Urzua
Barros,Ortiz
Franco,Hidalgo
Barros,Ortiz
Araya,Stiglich
Videla,Vergara
O'Ryan,Orrego
Barrientos,Villalobos
Vidal,Vargas
Vial,Infante
Fernandez,Fernandez
Bahamonde,Ruiz
Pereira,Larrain
Vial,Infante
de-Dios-Carmona,Peralta
Marambio,Marchant
Ossa,Pretot
Rios,Valdivia
Toha,Gonzalez
Almeyda,Medina
Prats,Gonzalez
Del,Solar
Carvajal,Prado
Bonilla,Bradanovich
Brady,Roche
Benavides,Escobar
Forestier,Hansen
Carrasco,Fernandez
Carvajal,Prado
Rojas,Saavedra
Perez,Yoma
Troncoso,Castillo
Guzman,Correa
Perez,Yoma
Fernandez,Baeza
Bachelet,Jeria
Ravinet,de-la-Fuente
Blanlot,Soza
Goni,Carrasco
Vidal,Salinas
Ravinet,de-la-Fuente
Allamand,Zavala
Hinzpeter,Kirberg
Burgos,Varela
Gomez,Urrutia